{
  "name": "Francois One",
  "designer": "Vernon Adams",
  "license": "OFL",
  "visibility": "External",
  "category": "Sans Serif",
  "size": 54871,
  "fonts": [
    {
      "name": "Francois One",
      "style": "normal",
      "weight": 400,
      "filename": "FrancoisOne.ttf",
      "postScriptName": "FrancoisOne-Regular",
      "fullName": "Francois One Regular",
      "copyright": "Copyright (c) 2011, Vernon Adams (vern@newtypography.co.uk) with Reserved Font Name 'Francois'. All rights reserved."
    }
  ],
  "subsets": [
    "latin",
    "latin-ext",
    "menu"
  ],
  "dateAdded": "2011-05-04"
}
